frame,rally_id,player_id,speed_kmh,ball_x,ball_y,court_x,court_y,shot_type
35,1,1,149.3,721,104,-188.36167907714844,-5301.373046875,
36,1,1,195.2,723,108,-178.4427947998047,-5193.39453125,
75,1,2,40.6,762,528,125.5113296508789,-212.1399688720703,
77,1,2,229.5,762,568,134.5320281982422,-12.602031707763672,
79,1,2,109.2,793,508,149.0866241455078,-320.94390869140625,
80,1,2,74.8,808,501,161.5027618408203,-360.5964660644531,
100,1,2,17.1,931,353,268.6267395019531,-1420.7952880859375,
135,1,2,113.4,1148,613,455.6536560058594,183.14199829101562,
136,1,2,62.2,1147,605,456.30169677734375,148.6024169921875,
137,1,2,11.5,1153,606,461.0426330566406,152.86114501953125,
139,1,2,306.4,991,582,329.1566162109375,48.32069396972656,
140,1,2,105.7,941,573,286.9729309082031,7.444488048553467,
1185,3,2,252.2,899,12,124.85762023925781,-8919.056640625,
1188,3,2,295.1,884,46,110.0456771850586,-7309.64404296875,
1189,3,2,295.1,889,53,127.1579818725586,-7031.3857421875,
1191,3,2,295.1,913,28,173.89761352539062,-8118.4296875,
1199,3,2,398.0,890,79,144.64547729492188,-6103.5615234375,
1200,3,2,398.0,876,103,127.51748657226562,-5374.10498046875,
1205,3,2,473.6,897,52,146.09181213378906,-7074.1162109375,
1206,3,2,434.8,897,46,142.5592041015625,-7315.66943359375,
1218,3,2,78.4,801,46,-96.44180297851562,-7271.37646484375,
1223,3,2,99.1,751,18,-280.36285400390625,-8515.7275390625,
1224,3,2,99.1,735,6,-356.8463134765625,-9142.4130859375,
1226,3,2,99.1,735,13,-337.4080505371094,-8763.5830078125,
1227,3,2,293.0,725,16,-357.00677490234375,-8601.998046875,
1229,3,2,183.9,702,18,-414.3707580566406,-8487.0615234375,
1231,3,2,40.1,693,31,-401.26165771484375,-7862.77392578125,
1234,3,2,162.7,698,15,-434.3702392578125,-8637.1640625,
1235,3,2,162.7,698,9,-453.2589416503906,-8953.728515625,
1237,3,2,101.9,697,7,-462.62353515625,-9062.2314453125,
1238,3,2,393.0,694,11,-458.0718078613281,-8843.931640625,
1246,3,2,82.6,662,28,-490.6158447265625,-7983.55615234375,
1248,3,2,175.8,648,30,-520.6195678710938,-7884.7353515625,
1273,4,2,360.3,509,60,-754.1056518554688,-6611.33935546875,
1274,4,2,360.3,507,39,-842.1292724609375,-7423.35498046875,
1278,4,2,360.3,527,2,-969.2559814453125,-9229.12109375,
1280,4,2,205.0,528,-16,-1074.2117919921875,-10330.330078125,
1283,4,2,205.0,492,25,-944.282470703125,-8032.0419921875,
1284,4,2,181.1,480,27,-965.2994995117188,-7933.66748046875,
1286,4,2,181.1,463,40,-945.4070434570312,-7361.23193359375,
1287,4,2,460.5,467,34,-963.9312744140625,-7616.37646484375,
1289,4,2,460.5,456,39,-967.191162109375,-7399.35595703125,
1292,4,2,307.4,442,41,-991.7423095703125,-7310.4462890625,
1294,4,2,149.3,433,30,-1069.3916015625,-7774.4970703125,
1295,4,2,94.3,421,29,-1105.0477294921875,-7812.90869140625,
1298,4,2,94.3,385,34,-1167.447998046875,-7576.322265625,
1301,4,2,94.3,359,29,-1261.15771484375,-7781.38720703125,
1409,4,2,254.6,1404,835,588.7147216796875,932.37060546875,
1410,4,2,269.2,1367,782,578.6408081054688,783.1728515625,
1457,4,1,413.2,1042,445,386.0224609375,-713.2164306640625,
1458,4,1,121.5,1031,455,373.8063049316406,-646.849609375,
1460,4,1,98.5,985,453,327.9089660644531,-658.1410522460938,
1464,4,1,80.0,961,479,303.9061584472656,-493.99822998046875,
1477,4,1,10.1,833,551,192.42935180664062,-96.45575714111328,
1479,4,1,123.1,804,574,171.19065856933594,14.793011665344238,
1494,4,1,431.0,705,680,113.20675659179688,452.7943420410156,
1495,4,1,68.9,693,670,102.07074737548828,416.1907653808594,
1523,4,1,129.3,713,184,-105.14166259765625,-3532.389404296875,
1525,4,1,32.6,717,180,-102.58262634277344,-3604.84814453125,
1531,4,1,105.1,716,184,-100.24081420898438,-3532.8896484375,
1532,4,1,126.9,716,188,-96.32643127441406,-3462.491455078125,
1590,4,2,8.2,691,683,103.48478698730469,463.79058837890625,
1591,4,2,59.6,699,674,107.45056915283203,430.915771484375,
1606,4,1,297.9,818,500,170.59913635253906,-366.5549011230469,
1608,4,1,22.8,826,498,177.68692016601562,-378.1745910644531,
1610,4,1,21.6,837,499,188.10690307617188,-372.79638671875,
1626,4,1,414.0,812,510,166.91986083984375,-310.4010314941406,
1627,4,1,247.8,768,487,120.87914276123047,-440.1319580078125,
1658,4,1,123.5,740,443,80.62740325927734,-714.674560546875,
1659,4,1,335.5,720,472,70.66845703125,-528.568603515625,
1663,4,1,150.1,747,368,60.2649040222168,-1278.7513427734375,
1664,4,1,299.6,745,349,49.847999572753906,-1444.845703125,
1665,4,1,33.0,748,351,54.22733688354492,-1427.025634765625,
1668,4,1,64.4,743,356,50.60344314575195,-1382.22021484375,
1688,4,1,54.5,684,541,60.17062759399414,-143.19107055664062,
1689,4,1,83.2,684,532,57.27168655395508,-189.33216857910156,
1705,4,1,53.8,693,483,48.717105865478516,-461.3861083984375,
1706,4,2,42.5,693,487,50.151397705078125,-437.79443359375,
1787,4,2,157.9,742,460,88.13863372802734,-604.1414794921875,
1788,4,1,81.3,747,453,90.86048889160156,-649.2025146484375,
1809,4,1,488.8,977,286,325.04290771484375,-2105.769287109375,
1811,4,1,68.7,949,280,287.6254577636719,-2173.0556640625,
1827,4,1,270.4,781,365,97.74221801757812,-1306.3092041015625,
1828,4,1,109.5,777,358,90.64676666259766,-1366.7403564453125,
1831,4,1,66.8,763,352,72.11780548095703,-1419.0218505859375,
1832,4,1,96.7,757,358,67.5955581665039,-1365.50439453125,
1855,4,1,105.8,724,495,81.85684967041016,-392.321533203125,
1856,4,1,336.4,744,464,91.34320831298828,-578.9789428710938,
1857,4,1,273.0,817,486,167.01490783691406,-447.556884765625,
1859,4,1,234.8,915,462,258.5399475097656,-597.6729736328125,
1867,4,1,153.7,1004,447,347.3236389160156,-698.3838500976562,
1869,4,1,104.8,1042,435,387.2695617675781,-781.1837768554688,
1871,4,1,105.5,1041,439,385.7410888671875,-753.708740234375,
1872,4,1,27.0,1048,441,392.6496276855469,-740.3988647460938,
1908,4,1,153.3,1173,514,499.2188415527344,-298.2671813964844,
1909,4,1,92.0,1196,506,522.8964233398438,-343.5372009277344,
1912,4,1,88.7,1228,485,560.3074951171875,-466.57470703125,
1914,4,1,25.0,1239,482,572.0764770507812,-484.9783020019531,
1916,4,1,58.8,1246,477,580.846923828125,-515.6427612304688,
1920,4,1,24.4,1263,469,600.8914794921875,-565.8582153320312,
1923,4,1,146.7,1271,477,605.3016967773438,-516.4833374023438,
1924,4,1,33.3,1270,480,603.03173828125,-498.1231994628906,
1952,4,2,7.9,1321,702,568.5344848632812,525.6138916015625,
1954,4,2,54.5,1320,728,560.5401611328125,614.1771240234375,
1955,4,1,54.5,1242,570,544.737548828125,-12.72419261932373,
1956,4,1,54.5,1203,507,529.1410522460938,-338.1032409667969,
1988,4,1,91.4,868,127,124.27413177490234,-4746.98291015625,
2022,4,1,465.1,955,326,296.4121398925781,-1676.8758544921875,
2024,4,1,210.6,939,359,278.27899169921875,-1367.98876953125,
2064,4,2,358.3,1208,719,481.8846130371094,584.912353515625,
2065,4,2,8.6,1203,718,478.4557189941406,581.5767822265625,
2075,4,2,276.9,1114,542,439.53515625,-148.13491821289062,
2077,4,2,119.1,1093,507,426.4910583496094,-334.9711608886719,
2078,4,2,128.9,1094,520,425.2579345703125,-263.34912109375,
2080,4,1,183.8,1076,494,412.6053771972656,-408.71173095703125,
2081,4,1,72.8,1083,501,418.1219177246094,-368.6180419921875,
2085,4,2,65.4,1061,477,400.69366455078125,-509.45050048828125,
2131,4,1,21.3,742,362,52.05318832397461,-1329.7783203125,
2132,4,1,35.2,734,364,43.79608154296875,-1312.0775146484375,
2211,4,1,276.2,1290,345,699.0033569335938,-1517.8402099609375,
2212,4,1,276.2,1311,384,697.1725463867188,-1177.567626953125,
2213,4,1,44.6,1311,381,699.145263671875,-1202.2689208984375,
2215,4,2,44.2,1317,384,703.9747924804688,-1177.8994140625,
2260,4,2,198.4,1286,722,537.601318359375,594.4235229492188,
2263,4,2,134.3,1263,644,540.6183471679688,309.5221252441406,
2271,4,2,346.8,1208,467,547.2213745117188,-576.5017700195312,
2272,4,2,187.8,1216,484,549.0699462890625,-472.1841735839844,
2274,4,2,77.2,1222,477,557.39501953125,-514.836669921875,
2276,4,2,80.3,1225,467,564.0643920898438,-577.1036376953125,
2278,4,2,83.8,1228,447,574.9437866210938,-707.1651611328125,
2280,4,2,157.2,1230,453,574.5467529296875,-667.441162109375,
2282,4,2,49.1,1233,441,582.5628051757812,-747.8939208984375,
2290,4,2,25.1,1235,459,577.1666259765625,-628.529052734375,
2395,4,1,3.4,1116,141,593.7882690429688,-4476.6484375,
2397,4,1,107.4,1080,146,523.02001953125,-4356.2529296875,
2405,4,1,50.3,979,167,334.8816833496094,-3897.5009765625,
2407,4,1,159.4,950,173,284.8226013183594,-3776.00732421875,
2409,4,1,67.5,962,176,305.3229064941406,-3721.464599609375,
2438,4,1,126.7,659,570,47.98658752441406,-1.12088942527771,
2441,4,1,86.6,681,580,69.48514556884766,44.89974594116211,
2443,4,1,213.1,627,599,30.982168197631836,130.95645141601562,
2536,4,2,8.1,510,626,-52.232269287109375,246.9451446533203,
2663,4,1,324.5,744,516,106.28681182861328,-275.72369384765625,
2666,4,1,145.7,722,552,96.43952178955078,-89.0761489868164,
2676,4,1,7.8,679,660,89.1715087890625,378.7982177734375,
2678,4,1,137.2,670,691,89.85137176513672,492.58966064453125,
2680,4,1,358.3,675,647,82.89082336425781,328.7591857910156,
2681,4,1,21.8,672,644,79.81184387207031,317.02642822265625,
2744,4,1,38.9,928,325,263.10589599609375,-1684.77392578125,
2746,4,1,189.7,938,306,274.3927001953125,-1880.8099365234375,
2814,4,1,7.4,1229,632,516.8128662109375,261.4884948730469,
2816,4,2,56.1,1232,658,512.8250732421875,364.79180908203125,
2818,4,1,61.9,1227,590,526.1853637695312,80.53961944580078,
2819,4,1,210.4,1222,565,528.9408569335938,-36.301761627197266,
2826,4,1,192.1,1213,497,541.7719116210938,-395.4615173339844,
2830,4,1,66.7,1220,473,556.8960571289062,-539.4164428710938,
2840,4,2,94.4,1216,501,543.2813110351562,-372.5303649902344,
2841,4,2,31.0,1215,504,541.3484497070312,-355.4025573730469,
2851,4,1,17.1,1214,571,520.3553466796875,-7.402498722076416,
2853,4,1,49.5,1214,589,515.5353393554688,76.2349853515625,
2860,4,1,7.0,1217,652,502.5735168457031,341.6737365722656,
2862,4,2,60.3,1219,678,498.3315734863281,440.337158203125,
2865,4,2,51.7,1164,513,491.14886474609375,-303.5419006347656,
2866,4,2,476.2,1146,468,485.6349792480469,-568.0271606445312,
2875,4,1,433.5,1072,298,448.3680114746094,-1978.935791015625,
2877,4,1,187.8,1060,280,437.3130798339844,-2183.711669921875,
2934,4,1,131.5,1070,473,410.0317687988281,-534.2890625,
2937,4,1,112.1,1113,473,452.03594970703125,-535.7555541992188,
2938,4,1,45.1,1120,477,457.99310302734375,-511.4200134277344,
2954,4,2,18.2,1194,571,503.17291259765625,-7.0029377937316895,
2956,4,1,49.2,1205,590,507.7228698730469,80.9332275390625,
2962,4,1,7.9,1224,645,509.6813659667969,313.9998779296875,
2964,4,1,48.7,1231,660,511.57745361328125,372.49932861328125,
2978,4,1,263.8,1289,539,596.78662109375,-167.7118682861328,
2979,4,1,134.9,1296,525,608.7176513671875,-241.68052673339844,
2982,4,1,173.1,1247,508,569.96435546875,-333.7339782714844,
2984,4,1,143.5,1237,470,574.7756958007812,-558.6823120117188,
2993,4,1,43.9,1319,533,626.31884765625,-199.742919921875,
2994,4,1,15.3,1327,534,633.1365356445312,-194.68765258789062,
3014,4,2,148.0,1329,643,593.0,304.6786193847656,
3016,4,2,7.5,1326,646,589.6326904296875,316.6766052246094,
3034,4,2,274.1,1110,749,407.8297119140625,683.41162109375,
3038,4,2,34.4,996,757,328.1563415527344,709.0650024414062,
3332,5,2,33.4,1205,347,595.2117919921875,-1493.4677734375,
3333,5,2,66.0,1207,351,595.5537109375,-1456.798828125,
3358,5,1,92.5,1233,497,560.7564697265625,-396.0645446777344,
3364,5,1,11.1,1225,484,557.7711791992188,-472.4751892089844,
3375,5,1,52.9,1224,506,549.1284790039062,-344.3408508300781,
3376,5,1,72.9,1228,499,555.306396484375,-384.366943359375,
3393,5,1,106.2,1265,419,626.339111328125,-904.5104370117188,
3394,5,1,52.4,1265,423,624.3267822265625,-875.4775390625,
3417,5,1,194.1,1276,566,575.4240112304688,-32.59343338012695,
3418,5,1,88.0,1275,556,578.0534057617188,-81.40184783935547,
3431,5,1,21.8,1271,490,599.7672729492188,-438.1892395019531,
3434,5,1,31.8,1273,494,600.0155029296875,-414.736083984375,
3457,5,2,109.8,1262,628,544.2897338867188,244.55752563476562,
3459,5,2,22.8,1253,637,534.6148681640625,281.5276184082031,
3460,5,2,22.8,1226,525,544.6920166015625,-239.86572265625,
3461,5,2,22.8,1205,468,543.900634765625,-570.1011962890625,
3466,5,2,290.5,1146,294,547.1543579101562,-2030.05859375,
3468,5,2,478.7,1128,253,542.3810424804688,-2529.4638671875,
3493,5,1,77.9,983,58,356.49139404296875,-6879.08251953125,
3494,5,1,141.4,978,60,344.11834716796875,-6801.51220703125,
3515,5,1,122.0,739,13,-326.227783203125,-8766.0390625,
3523,5,1,95.4,713,18,-384.3572998046875,-8493.4814453125,
3525,5,1,15.1,710,18,-392.54681396484375,-8491.7294921875,
3566,5,2,26.1,678,560,60.94772720336914,-49.1276969909668,
3567,5,2,61.5,677,553,57.89937210083008,-83.17655944824219,
3584,5,1,173.0,670,487,28.505956649780273,-437.0790710449219,
3585,5,1,42.1,670,491,30.044309616088867,-413.765869140625,
3614,5,1,139.7,658,659,72.9955062866211,375.2364501953125,
3615,5,1,426.0,657,601,55.96837615966797,139.18991088867188,
3622,5,1,278.8,668,355,-36.4472541809082,-1386.3607177734375,
3624,5,1,261.3,671,322,-53.297550201416016,-1695.3712158203125,
3647,5,1,30.3,697,196,-118.86613464355469,-3322.767333984375,
3697,5,2,10.8,1243,755,499.6920166015625,701.5331420898438,
3698,5,2,75.2,1249,742,506.578369140625,660.3016357421875,
3723,5,2,9.8,1241,520,560.1194458007812,-267.2515563964844,
3724,5,2,19.6,1241,522,559.427490234375,-256.4087829589844,
3725,5,2,9.7,1241,523,559.0829467773438,-251.00938415527344,
3726,5,2,9.7,1241,522,559.427490234375,-256.4087829589844,
3728,5,2,47.9,1242,531,557.2662963867188,-208.3584747314453,
3747,5,2,276.6,1222,629,511.9613342285156,249.2552032470703,
3748,5,2,25.7,1212,626,504.6669616699219,236.9810791015625,
3760,5,1,164.8,1035,323,395.6634521484375,-1712.760986328125,
3762,5,1,248.9,1018,300,377.629150390625,-1952.289306640625,
3828,5,1,106.0,808,524,165.892822265625,-234.44300842285156,
3838,5,1,228.5,947,417,289.0835876464844,-904.5574951171875,
3840,5,1,59.2,968,404,311.412841796875,-1002.0914916992188,
3849,5,1,44.2,1047,396,398.0042724609375,-1067.5804443359375,
3878,5,1,87.8,1201,596,502.89300537109375,107.98604583740234,
3879,5,1,139.8,1202,579,507.97918701171875,30.465078353881836,
3903,5,1,107.2,1221,468,559.7271728515625,-570.66455078125,
3934,5,1,128.9,1061,520,395.0925598144531,-262.4762268066406,
3935,5,1,141.2,1041,506,378.2281494140625,-339.10516357421875,
3969,5,1,43.2,706,636,104.2283935546875,284.7897033691406,
3970,5,1,271.9,721,600,107.71353912353516,133.77085876464844,
4004,5,2,62.0,1039,75,481.50115966796875,-6290.537109375,
4096,5,2,3.8,1353,1005,520.7406616210938,1323.68212890625,
4097,5,2,18.0,1353,1000,521.630859375,1313.737060546875,
4106,5,2,2.1,1360,969,531.3244018554688,1250.2213134765625,
4120,5,2,3.5,1353,1017,518.6337280273438,1347.2213134765625,
4122,5,2,7.0,1352,1023,517.0482788085938,1358.8162841796875,
4124,5,2,38.5,1352,1014,518.6053466796875,1341.3760986328125,
4126,5,2,10.6,1350,1024,515.7830810546875,1360.73095703125,
4127,5,2,3.5,1350,1023,515.9537963867188,1358.808837890625,
4128,5,2,4.4,1347,1022,514.4817504882812,1356.87255859375,
4130,5,2,7.4,1344,1024,512.5025024414062,1360.7086181640625,
4142,5,2,3.5,1337,1024,508.6757507324219,1360.6826171875,
4260,5,1,187.8,569,419,-105.27458953857422,-873.1533813476562,
4263,5,1,215.6,705,418,35.4172477722168,-886.3825073242188,
4264,5,1,154.7,751,428,86.80330657958984,-817.5185546875,
4536,7,1,336.7,1087,413,438.22943115234375,-940.3721313476562,
4537,7,1,249.4,1098,395,454.26458740234375,-1078.0235595703125,
4545,7,2,145.9,1156,327,544.89990234375,-1681.9111328125,
4547,7,2,75.9,1168,319,563.6229858398438,-1763.529541015625,
4553,7,2,21.5,1205,305,618.572265625,-1913.8507080078125,
4554,7,2,22.6,1211,306,625.7533569335938,-1903.5623779296875,
4584,7,1,173.7,1302,537,609.27880859375,-178.40090942382812,
4585,7,1,173.7,1265,480,598.1600952148438,-497.95770263671875,
4628,7,1,444.6,829,3,-89.8351821899414,-9375.8935546875,
4629,7,1,444.6,820,9,-105.53902435302734,-9031.81640625,
4658,7,2,35.0,757,557,127.84357452392578,-65.33281707763672,
4660,7,2,206.0,749,611,132.80792236328125,180.79832458496094,
4670,7,2,14.7,722,818,149.4303741455078,887.743896484375,
4672,7,2,183.2,714,877,152.83706665039062,1040.5260009765625,
4673,7,2,310.9,751,811,167.2125701904297,868.3866577148438,
4674,7,2,230.2,773,767,176.0584716796875,740.8010864257812,
4724,7,2,169.6,1120,528,447.5030517578125,-221.15383911132812,
4725,7,2,100.2,1100,518,431.08978271484375,-274.36846923828125,
4737,7,1,29.7,937,475,280.669677734375,-517.5137939453125,
4769,7,1,18.9,708,708,121.09748840332031,551.4288940429688,
4770,7,1,106.7,715,691,122.83342742919922,492.1810607910156,
4795,7,2,21.3,853,491,201.8827667236328,-419.3558654785156,
4804,7,2,69.5,954,470,297.0732421875,-548.87353515625,
4805,7,2,222.4,996,452,338.9767150878906,-665.0934448242188,
4807,7,2,215.8,964,459,306.86962890625,-618.568115234375,
4809,7,2,202.4,955,420,297.5635681152344,-883.2006225585938,
4819,7,2,69.9,1031,334,388.9746398925781,-1604.2857666015625,
4821,7,1,37.1,1042,328,403.4599914550781,-1663.561767578125,
4822,7,1,53.2,1047,331,409.052734375,-1634.5196533203125,
4824,7,2,23.0,1061,328,426.8993225097656,-1664.963134765625,
4828,7,1,145.1,1084,327,455.581787109375,-1676.5516357421875,
4829,7,1,53.2,1088,330,459.68212890625,-1647.2813720703125,
4855,7,1,302.7,1173,527,495.8196716308594,-227.81686401367188,
4856,7,1,302.7,1136,462,477.2850036621094,-605.6417236328125,
4897,7,1,429.5,764,4,-278.2863464355469,-9274.37109375,
4898,7,1,309.6,759,7,-285.1183776855469,-9102.5341796875,
4948,7,2,85.9,532,910,49.67184829711914,1118.885009765625,
4951,7,2,8.7,538,907,52.54623794555664,1111.9569091796875,
4952,7,2,12.9,540,910,54.38928985595703,1118.89208984375,
4953,7,2,4.4,541,911,55.197914123535156,1121.1961669921875,
4986,7,2,4.1,545,974,70.48717498779297,1258.577880859375,
5155,8,1,204.9,1136,294,533.931884765625,-2029.1641845703125,
5234,8,1,132.0,1078,55,590.4808349609375,-7035.7705078125,
5235,8,1,132.0,1083,31,631.39208984375,-8069.15087890625,
5239,8,1,132.0,1083,23,642.1660766601562,-8458.1650390625,
5241,8,1,132.0,1094,-3,717.20703125,-9928.9423828125,
5242,8,1,218.1,1101,-1,735.2333374023438,-9809.1162109375,
5245,8,1,367.4,1105,22,705.481689453125,-8521.568359375,
5329,9,2,21.6,666,781,106.34558868408203,783.0137939453125,
5330,9,2,86.5,663,765,101.1167984008789,735.258056640625,
5359,9,1,54.2,723,406,49.43486022949219,-975.1911010742188,
5361,9,1,54.9,732,401,57.045475006103516,-1013.29541015625,
5411,9,2,407.8,608,628,25.345569610595703,253.7480926513672,
5412,9,1,407.8,586,732,40.203819274902344,632.200439453125,
5417,9,2,422.0,576,766,42.48811721801758,738.6968383789062,
5418,9,2,28.3,572,761,38.449012756347656,723.5241088867188,
5592,10,1,221.5,1158,533,480.7691650390625,-195.75265502929688,
5594,10,1,96.7,1155,566,470.7583312988281,-30.104633331298828,
5595,10,1,96.7,1118,495,452.2241516113281,-404.1797790527344,
5596,10,1,248.9,1095,472,434.63153076171875,-541.3248291015625,
5605,10,1,74.3,976,386,320.5126953125,-1143.06494140625,
5607,10,1,17.5,954,378,295.96881103515625,-1207.021484375,
5668,10,1,188.5,711,613,102.74736022949219,189.8809814453125,
5670,10,1,79.0,710,645,109.38416290283203,320.4838562011719,
5721,10,1,77.2,856,610,218.92929077148438,174.8597412109375,
5723,10,1,31.3,742,645,134.0997314453125,320.08349609375,
5797,10,1,227.2,1002,652,335.66845703125,344.2761535644531,
5811,10,1,278.9,1084,473,423.69903564453125,-534.7662353515625,
5812,10,2,171.5,1090,458,432.3315734863281,-629.6251220703125,
5816,10,2,28.2,1121,447,465.93017578125,-702.9595336914062,
5842,10,1,77.7,1258,567,559.49755859375,-27.410079956054688,
5859,10,1,12.8,1249,437,600.8642578125,-775.992919921875,
5862,10,1,13.2,1251,441,601.125732421875,-748.6265258789062,
5878,10,1,200.9,1237,500,563.4671020507812,-378.884765625,
5879,10,1,147.3,1232,486,563.8013916015625,-460.72222900390625,
5891,10,1,97.7,1214,446,561.0367431640625,-713.3141479492188,
5895,10,1,194.1,1230,494,558.9768676757812,-413.4169006347656,
5900,10,1,33.8,1208,474,544.7639770507812,-532.8187866210938,
5913,10,2,338.7,1183,526,505.1807556152344,-233.40576171875,
5914,10,2,352.3,1163,491,495.9869689941406,-428.9232482910156,
5919,10,2,59.8,1082,379,440.1835021972656,-1205.9464111328125,
5921,10,2,173.7,1063,355,423.4960021972656,-1411.29296875,
5923,10,2,89.0,1043,329,404.5102844238281,-1653.7978515625,
5925,10,1,167.1,1022,311,381.1958923339844,-1834.841552734375,
5973,10,1,66.2,729,578,109.02204895019531,34.7974739074707,
5974,10,1,101.5,727,566,104.3621826171875,-21.39225196838379,
5985,10,1,10.6,722,486,77.15428924560547,-444.5753173828125,
5986,10,1,10.6,722,487,77.47315216064453,-438.6974182128906,
5987,10,1,42.6,722,483,76.1922836303711,-462.3085632324219,
5989,10,1,10.7,721,489,77.16815185546875,-426.9601745605469,
6006,10,2,64.6,740,548,111.00609588623047,-109.29643249511719,
6007,10,2,74.6,752,540,119.52747344970703,-149.85272216796875,
6017,10,2,61.6,836,502,187.65953063964844,-355.7535400390625,
6019,10,2,50.1,860,497,209.27989196777344,-384.9005126953125,
6020,10,2,31.3,857,500,206.88064575195312,-367.6935729980469,
6022,10,2,24.8,879,496,226.9449920654297,-391.20623779296875,
6026,10,1,253.3,889,518,238.3357391357422,-268.74481201171875,
6027,10,1,86.7,891,527,240.92478942871094,-220.6515655517578,
6046,10,1,136.2,943,621,289.55853271484375,220.06112670898438,
6047,10,1,115.2,936,606,283.5892639160156,156.3675079345703,
6078,10,1,38.6,747,163,-68.69044494628906,-3932.196044921875,
6124,10,2,44.8,689,691,103.77124786376953,492.4172058105469,
6125,10,2,124.2,687,672,98.03134155273438,423.66302490234375,
6146,10,1,105.2,685,494,45.16466522216797,-396.9002685546875,
6147,10,1,10.8,683,495,43.66249084472656,-391.0986328125,
6165,10,1,16.5,686,579,73.36422729492188,40.21275329589844,
6166,10,1,50.1,686,573,71.62982177734375,12.407289505004883,
6182,10,1,22.8,664,474,17.637554168701172,-514.487060546875,
6184,10,1,11.2,664,473,17.227567672729492,-520.5753784179688,
6213,10,1,71.4,642,678,65.97697448730469,446.1417236328125,
6214,10,1,304.0,644,634,55.3515510559082,277.57611083984375,
6258,10,1,283.1,1137,455,480.0865173339844,-650.82666015625,
6260,10,1,74.0,1177,479,512.8878173828125,-501.1255187988281,
6263,10,1,36.3,1351,379,746.2427978515625,-1221.1480712890625,
6265,10,1,411.3,1272,480,604.980712890625,-498.18939208984375,
6267,10,1,305.4,1247,470,584.6508178710938,-559.0311279296875,
6318,10,2,17.1,747,682,144.7491455078125,459.6354675292969,
6319,10,2,75.1,763,671,154.80274963378906,419.1648864746094,
6340,10,1,33.9,1060,485,398.6409606933594,-461.1894226074219,
6341,10,1,43.1,1065,489,402.8765869140625,-437.639892578125,
6343,10,1,57.2,1091,488,427.85986328125,-444.3599548339844,
6344,10,1,29.5,1102,486,438.75909423828125,-456.5733337402344,
6352,10,1,75.6,1139,541,461.9761962890625,-153.84078979492188,
6353,10,1,55.4,1146,547,466.9295959472656,-123.4867172241211,
6365,10,1,148.6,1196,618,493.61474609375,203.6799774169922,
6368,10,1,15.5,1142,493,475.4607849121094,-416.5569763183594,
6374,10,1,124.9,1054,288,427.23052978515625,-2089.883544921875,
6376,10,1,124.9,1031,243,405.5980529785156,-2653.565673828125,
6401,10,1,148.4,850,51,30.316492080688477,-7092.80712890625,
6402,10,1,149.1,843,53,15.315291404724121,-7011.35595703125,
6444,10,2,123.6,384,259,-492.03448486328125,-2371.46875,
6471,10,2,96.2,706,593,93.71912384033203,103.16253662109375,
6472,10,2,216.5,727,567,104.61453247070312,-16.641571044921875,
6497,10,1,33.4,1049,354,407.21234130859375,-1419.370849609375,
6558,10,1,243.6,948,593,293.192138671875,98.96914672851562,
6560,10,1,185.0,925,633,275.5666198730469,269.7392272949219,
6564,10,1,392.6,992,619,328.864501953125,210.95591735839844,
6566,10,2,14.9,997,627,332.6128845214844,244.18777465820312,
6706,10,1,295.7,834,494,184.4835205078125,-401.37872314453125,
6707,10,1,151.9,815,480,163.93324279785156,-483.20635986328125,
6709,10,1,157.5,859,547,214.57215881347656,-116.96725463867188,
6738,10,1,102.5,583,426,-86.55674743652344,-824.3192749023438,
6751,10,1,54.1,608,605,17.634540557861328,157.3122100830078,
6752,10,1,110.7,615,591,18.467233657836914,95.83509826660156,
6765,10,1,10.8,672,502,36.03047180175781,-351.0328063964844,
6796,10,1,52.4,814,503,167.44827270507812,-349.4819030761719,
6797,10,1,331.0,838,472,184.5652313232422,-532.5604858398438,
6814,10,1,146.2,1025,325,382.9385070800781,-1692.0167236328125,
6819,10,1,38.8,1055,326,419.9166259765625,-1684.3135986328125,
6837,10,2,9.9,1117,19,744.8013305664062,-8683.0771484375,
6845,10,2,457.2,1124,13,776.7145385742188,-9008.3916015625,
6846,10,2,388.8,1124,17,768.7167358398438,-8792.54296875,
6848,10,2,99.4,1127,18,775.380126953125,-8741.5615234375,
6849,10,2,288.0,1127,15,781.4137573242188,-8901.4443359375,
6851,10,2,96.8,1129,16,785.1837768554688,-8848.9501953125,
6855,10,2,92.5,1134,27,777.5457153320312,-8289.244140625,
6895,10,1,28.8,697,638,97.69024658203125,292.9149475097656,
6896,10,1,73.2,694,628,92.90968322753906,252.55152893066406,
6916,10,1,11.1,661,485,19.242338180541992,-448.5513000488281,
6918,10,1,10.7,661,482,18.03488540649414,-466.3037109375,
6920,10,1,21.6,656,483,13.711149215698242,-460.2108154296875,
6921,10,1,10.7,655,484,13.176216125488281,-454.2626647949219,
6948,10,1,145.9,625,623,37.12240219116211,232.98397827148438,
6949,10,1,145.9,627,559,17.068668365478516,-52.88921356201172,
6991,10,2,90.2,1015,394,363.11773681640625,-1081.5816650390625,
6992,10,2,90.2,901,337,231.45855712890625,-1566.4361572265625,
7012,10,2,482.3,434,266,-413.8948669433594,-2290.256103515625,
7013,10,2,482.3,435,302,-364.00616455078125,-1881.79833984375,
7066,10,2,156.4,1310,685,565.2354736328125,465.05584716796875,
7067,10,2,391.0,1302,629,576.0960693359375,248.12518310546875,
7097,10,1,139.0,1237,177,775.6287841796875,-3752.09033203125,
7099,10,1,34.7,1236,174,777.4984741210938,-3809.317138671875,
7102,10,1,245.3,1233,176,769.8977661132812,-3770.400634765625,
7103,10,1,136.8,1232,180,763.4999389648438,-3694.65625,
7130,10,1,302.9,1232,352,624.8477783203125,-1449.3121337890625,
7170,10,2,250.0,1254,641,534.3316650390625,297.6408386230469,
7171,10,1,374.8,1227,592,525.6372680664062,89.58325958251953,
7179,10,1,469.0,1029,277,395.9582824707031,-2216.4296875,
7181,10,1,380.5,1005,244,367.5675964355469,-2636.728271484375,
7202,10,1,49.0,846,132,85.2013931274414,-4622.21630859375,
7203,10,1,43.3,842,131,77.00536346435547,-4644.8583984375,
7205,10,2,129.5,832,135,60.81768798828125,-4548.94970703125,
7239,10,1,160.1,774,382,95.77799987792969,-1164.3985595703125,
7281,10,2,68.5,1108,664,416.26129150390625,389.1618957519531,
7282,10,2,338.9,1090,617,407.9991455078125,201.05052185058594,
7291,10,1,390.1,930,283,262.35247802734375,-2136.122314453125,
7293,10,1,318.4,913,255,235.88685607910156,-2479.1748046875,
7325,10,1,81.8,1060,408,410.2070617675781,-976.3638305664062,
7329,10,1,294.6,1130,454,473.3033752441406,-657.0885009765625,
7331,10,2,48.3,1162,466,501.9969482421875,-581.18017578125,
7333,10,2,364.1,1146,439,493.62860107421875,-757.9989013671875,
7334,10,2,67.0,1157,434,506.4979248046875,-792.9208984375,
7409,10,1,72.7,595,585,-0.15764792263507843,69.24821472167969,
7410,10,1,107.9,603,572,1.6004775762557983,9.346805572509766,
7452,10,1,61.7,703,605,94.33503723144531,155.789306640625,
7453,10,1,94.8,703,593,91.25733947753906,103.21428680419922,
7478,10,1,136.5,685,438,23.30628776550293,-746.0642700195312,
7479,10,1,48.5,685,442,24.989171981811523,-719.1820068359375,
7506,10,1,174.6,679,639,83.9488525390625,297.13787841796875,
7507,10,1,333.0,680,595,72.95755004882812,112.47549438476562,
7555,10,2,11.4,1134,491,468.3118591308594,-428.02294921875,
7558,10,2,87.0,1159,461,500.46002197265625,-612.8726196289062,
7569,10,2,47.9,1219,453,563.4157104492188,-667.0214233398438,
7571,10,2,36.7,1234,450,579.8284301757812,-687.4082641601562,
7578,10,2,35.8,1237,458,579.580322265625,-635.0723266601562,
7579,10,2,23.7,1241,460,582.77587890625,-622.2999267578125,
7683,10,2,94.2,724,541,95.20924377441406,-144.1197509765625,
7684,10,1,124.3,744,528,109.44221496582031,-211.6901397705078,
7737,10,2,76.4,1212,656,497.7882995605469,357.29718017578125,
7738,10,2,362.3,1210,607,507.63885498046875,156.2872314453125,
7772,10,1,152.6,1187,117,758.298583984375,-5082.27587890625,
7773,10,1,48.1,1186,118,754.92236328125,-5055.77001953125,
7804,10,2,288.4,1184,317,584.8745727539062,-1785.3489990234375,
7805,10,2,366.5,1184,298,595.1989135742188,-1988.724365234375,
7827,10,2,287.8,1160,119,701.1221923828125,-5022.71923828125,
7828,10,2,140.5,1158,122,693.6333618164062,-4945.0283203125,
7925,10,1,418.5,1378,536,678.3909912109375,-185.4699249267578,
7927,10,1,130.3,1456,580,724.4805908203125,30.276153564453125,
8000,10,2,97.5,1422,985,563.3424682617188,1283.6036376953125,
8004,10,2,35.2,1420,1021,554.6976928710938,1355.21142578125,
8008,10,2,247.6,1421,979,564.0759887695312,1271.2451171875,
8009,10,2,11.4,1422,976,565.3004150390625,1265.023193359375,
8017,10,1,3.7,1421,981,563.6414794921875,1275.37744140625,
8895,12,2,186.7,1190,17,959.942626953125,-8833.6669921875,
8897,12,2,203.4,1170,19,896.7969360351562,-8715.41796875,
8899,12,2,398.3,1162,13,888.5362548828125,-9032.962890625,
8951,12,1,18.4,1205,547,519.1574096679688,-124.83598327636719,
8953,12,1,28.0,1199,556,511.404296875,-79.74575805664062,
8962,12,2,50.8,1247,541,558.4042358398438,-156.39659118652344,
8963,12,2,30.4,1253,538,564.8040161132812,-172.0226593017578,
8977,12,1,16.0,1330,432,688.030517578125,-814.2437744140625,
8978,12,1,13.2,1333,433,690.5844116210938,-807.3534545898438,
9024,12,2,24.5,1443,830,615.4310302734375,918.8548583984375,
9025,12,2,24.6,1443,825,616.9276733398438,905.2755737304688,
9032,12,2,10.2,1445,808,623.4548950195312,858.1068725585938,
9045,12,2,9.7,1448,830,618.6837768554688,918.845458984375,
9047,12,2,4.9,1452,830,621.2863159179688,918.837890625,
9050,12,2,5.2,1454,831,622.283203125,921.5348510742188,
9057,12,2,4.8,1455,836,621.4163818359375,934.9596557617188,
9059,12,2,4.8,1455,838,620.8136596679688,940.2946166992188,
9175,12,2,66.3,842,177,103.10955810546875,-3681.528564453125,
9177,12,2,129.3,848,185,116.92057800292969,-3537.144287109375,
9182,12,2,30.8,868,206,157.41334533691406,-3184.0849609375,
9184,12,2,82.9,879,218,178.19078063964844,-2997.163330078125,
9188,12,2,100.7,894,238,205.57467651367188,-2706.567626953125,
9190,12,2,170.5,906,249,225.01365661621094,-2557.556396484375,
9200,12,2,117.6,956,297,297.27325439453125,-1979.8719482421875,
9202,12,2,95.4,971,310,316.4844970703125,-1841.208984375,
9216,12,2,32.1,1001,360,350.2815856933594,-1363.03955078125,
9218,12,2,61.0,1008,372,357.3245544433594,-1260.158447265625,
9245,12,2,161.2,938,322,275.2714538574219,-1715.447509765625,
9246,12,2,23.3,931,321,266.526611328125,-1724.964111328125,
9260,13,2,288.0,820,113,21.001598358154297,-5087.533203125,
9262,13,2,288.0,795,79,-66.06304168701172,-6070.17041015625,
9268,13,2,292.9,729,-4,-404.7787780761719,-9720.859375,
9271,13,2,292.9,660,4,-579.25048828125,-9204.890625,
9273,13,2,285.0,633,9,-636.3294067382812,-8912.6162109375,
9275,13,2,285.0,590,23,-697.2599487304688,-8179.12744140625,
9278,13,2,348.0,553,27,-777.368896484375,-7972.00927734375,
9279,13,2,348.0,541,17,-853.7916259765625,-8443.61328125,
9280,13,2,215.9,520,19,-900.2700805664062,-8333.046875,
9285,13,2,157.9,434,36,-1035.8914794921875,-7514.79150390625,
9287,13,2,145.3,394,42,-1102.5958251953125,-7247.87060546875,
9290,13,2,145.3,358,29,-1263.66650390625,-7780.88037109375,
9295,13,2,452.4,279,23,-1502.5128173828125,-8011.3720703125,
9296,13,2,186.7,244,24,-1583.9141845703125,-7947.10400390625,
9299,13,2,181.7,195,20,-1738.9453125,-8105.8798828125,
9465,13,1,352.5,1228,41,999.669921875,-7688.78076171875,
9483,13,1,21.1,1270,520,586.8193359375,-268.0241394042969,
9484,13,1,99.0,1263,510,584.1683349609375,-322.97845458984375,
9495,13,1,12.6,1217,458,559.4904174804688,-634.3291015625,
9511,13,1,154.9,1168,500,498.3011779785156,-376.839599609375,
9512,13,1,106.8,1150,490,483.82965087890625,-434.40277099609375,
9551,13,1,14.3,772,640,156.4451446533203,299.9144592285156,
9552,13,1,72.6,775,630,157.07666015625,259.5914611816406,
9591,13,2,145.0,944,584,289.7200012207031,58.35784149169922,
9592,13,2,186.3,935,562,281.5682678222656,-44.82918930053711,
9618,13,2,23.1,790,284,76.7230453491211,-2111.48046875,
9619,13,2,23.1,786,285,71.89652252197266,-2099.617431640625,
9651,13,1,91.4,731,551,103.961181640625,-94.20928192138672,
9652,13,1,144.8,764,536,129.1588134765625,-170.60140991210938,
9661,13,1,134.0,994,506,334.54248046875,-337.7668151855469,
9663,13,1,167.0,993,464,335.4122619628906,-587.8020629882812,
9692,13,1,33.7,1154,583,466.3839416503906,49.89076614379883,
9694,13,1,40.1,1158,598,466.7235107421875,117.62428283691406,
9696,13,1,39.7,1093,499,427.85137939453125,-380.3507995605469,
9697,13,1,357.4,1065,466,406.1817321777344,-577.7430419921875,
9708,13,1,235.7,924,327,258.34576416015625,-1664.7166748046875,
9710,13,1,90.9,908,319,237.7477264404297,-1743.4000244140625,
9752,13,1,102.5,642,593,41.25932693481445,104.26536560058594,
9753,13,1,164.1,651,573,42.23263931274414,13.08477783203125,
9772,13,1,36.7,723,439,62.095130920410156,-740.8389892578125,
9809,13,2,54.1,656,718,86.02442169189453,585.6290283203125,
9810,13,1,148.4,666,694,87.6306381225586,503.2207946777344,
9834,13,1,80.6,815,465,160.87744140625,-575.2089233398438,
9835,13,1,14.3,820,466,165.96128845214844,-569.1258544921875,
9849,13,2,30.7,904,404,242.47084045410156,-998.9676513671875,
9850,13,2,401.8,920,376,257.60009765625,-1221.6534423828125,
9872,14,1,30.7,1084,210,496.7630615234375,-3151.333984375,
9907,14,1,89.3,1167,520,492.1300354003906,-265.2841796875,
9908,14,1,146.6,1133,506,463.98468017578125,-341.7323913574219,
9914,14,1,104.9,892,537,242.64561462402344,-168.51739501953125,
9916,14,1,328.2,918,451,260.7964172363281,-668.6773681640625,
9957,14,1,114.2,704,634,102.19963073730469,276.771728515625,
9958,14,1,171.9,703,611,95.84077453613281,181.51119995117188,
9987,14,1,112.9,702,312,-21.34050178527832,-1798.879150390625,
9988,14,1,55.5,701,315,-20.772869110107422,-1768.05078125,
10018,14,1,24.6,849,470,194.89747619628906,-545.2645874023438,
10059,14,1,8.3,710,610,101.21954345703125,177.14080810546875,
10069,14,2,8.0,712,596,99.39450073242188,116.34949493408203,
10211,15,2,115.1,1165,9,907.8079223632812,-9259.3857421875,
10555,16,1,19.6,1266,538,576.4879150390625,-172.3363037109375,
10556,16,1,65.9,1260,531,573.5906982421875,-208.8097686767578,
10565,16,1,11.4,1219,494,548.490478515625,-413.0798034667969,
10583,16,1,177.5,1163,534,485.034912109375,-190.64443969726562,
10584,16,1,127.4,1140,521,467.1531982421875,-259.15374755859375,
10592,16,1,159.9,1019,470,360.55670166015625,-551.1158447265625,
10593,16,1,41.3,1006,473,347.6574401855469,-532.1114501953125,
10630,17,1,87.7,707,697,118.1846923828125,513.3909912109375,
10654,17,1,71.8,725,503,85.22235870361328,-346.93218994140625,
10655,17,1,10.3,726,504,86.44371795654297,-341.35333251953125,
10669,17,2,17.4,738,561,112.49275207519531,-45.55549240112305,
10670,17,2,44.6,733,556,106.96366882324219,-69.69622039794922,
10683,17,1,11.0,708,488,64.6155776977539,-432.40228271484375,
10684,17,2,21.2,706,490,63.40913772583008,-420.67193603515625,
10686,17,2,11.1,700,491,58.12496566772461,-414.6793518066406,
10688,17,1,21.0,697,493,56.0081787109375,-403.0198669433594,
10715,17,1,112.6,663,666,78.57293701171875,401.5970153808594,
10716,17,1,112.6,661,597,58.02301025390625,121.61671447753906,
10730,17,1,112.6,640,36,-521.9569702148438,-7614.9169921875,
10732,17,1,112.6,643,10,-604.4033813476562,-8865.3720703125,
10769,17,1,40.5,1315,594,598.724853515625,97.04165649414062,
10825,17,2,24.1,1177,754,453.8964538574219,698.7600708007812,
10826,17,2,92.7,1184,738,461.3551330566406,647.8081665039062,
10827,17,2,50.9,1203,746,473.3970642089844,673.3655395507812,
10828,17,2,20.6,1213,749,479.87738037109375,682.8280639648438,
10829,17,2,20.6,1187,662,477.22357177734375,380.65972900390625,
10830,17,2,235.8,1185,629,482.3600158691406,249.77676391601562,
10848,17,2,10.8,1201,492,531.9808349609375,-424.2294006347656,
10850,17,2,21.7,1204,486,536.8110961914062,-459.8266906738281,
10851,17,1,64.2,1203,492,533.8910522460938,-424.2912902832031,
10852,17,1,10.6,1203,493,533.5681762695312,-418.43231201171875,
10873,17,2,32.8,1222,600,519.325927734375,125.39976501464844,
10874,17,2,72.9,1224,591,523.3956298828125,85.12040710449219,
10894,17,2,21.8,1253,482,585.6653442382812,-485.43634033203125,
10895,17,2,22.0,1252,484,583.8948364257812,-473.34881591796875,
10918,17,2,22.0,1275,642,550.6447143554688,301.3761291503906,
10919,17,2,43.7,1275,636,552.3776245117188,277.1752014160156,
10940,17,1,21.9,1274,482,606.0639038085938,-486.1239013671875,
10942,17,1,11.9,1276,480,608.8790893554688,-498.32183837890625,
10945,17,1,44.5,1275,479,608.3406372070312,-504.3808898925781,
10946,17,1,43.6,1276,483,607.5736694335938,-480.1492004394531,
10967,18,2,170.1,1276,620,557.9308471679688,210.92820739746094,
10968,18,2,293.9,1269,583,563.7236938476562,47.747188568115234,
10972,18,2,424.8,1279,487,608.7454223632812,-456.255615234375,
10974,18,2,246.4,1262,386,640.577880859375,-1158.5601806640625,
11002,18,1,107.8,1174,2,954.8704223632812,-9678.322265625,
11042,18,2,165.2,310,25,-1410.0849609375,-7936.013671875,
11047,18,2,491.4,328,13,-1446.4771728515625,-8519.8837890625,
11048,18,2,491.4,338,19,-1378.506591796875,-8231.2900390625,
11050,18,2,491.4,353,53,-1142.53564453125,-6803.99658203125,
11051,18,2,491.4,361,36,-1215.17578125,-7479.86328125,
11072,18,1,42.5,780,145,-27.075345993041992,-4312.767578125,
11073,18,1,40.2,778,146,-29.79767608642578,-4290.59228515625,
11074,18,1,40.3,774,145,-37.95338821411133,-4311.47021484375,
11076,18,1,39.8,771,148,-40.59077835083008,-4245.9736328125,
11132,18,2,273.7,1144,705,437.6498107910156,537.5567626953125,
11133,18,2,141.5,1150,683,445.4059143066406,459.3377380371094,
11157,18,2,10.0,1181,511,507.45367431640625,-315.1046447753906,
11428,19,2,56.4,1215,541,529.7903442382812,-155.63818359375,
11430,19,1,151.2,1222,564,529.2282104492188,-41.13454055786133,
11441,19,1,352.2,1248,735,507.353515625,637.6580200195312,
11442,19,1,200.5,1241,702,509.4812927246094,526.2949829101562,
11450,19,1,147.5,1195,500,523.7786865234375,-377.6391906738281,
11452,19,1,433.3,1184,446,530.3923950195312,-712.12744140625,
11453,19,1,188.8,1184,462,525.0750122070312,-607.3826904296875,
11455,19,1,193.0,1172,417,527.90478515625,-914.869873046875,
11456,19,1,193.1,1175,432,525.875732421875,-807.6234741210938,
11458,19,1,77.0,1172,422,526.1592407226562,-878.519775390625,
11463,19,1,16.5,1158,404,517.3277587890625,-1011.4218139648438,
11467,19,1,27.8,1151,399,511.37060546875,-1049.539794921875,
11502,19,1,131.8,993,470,335.1419677734375,-550.2181396484375,
11504,19,1,53.1,942,483,285.7211608886719,-469.3432922363281,
11505,19,1,227.5,968,463,310.797607421875,-593.2352294921875,
11506,19,1,13.2,964,462,306.8582458496094,-599.4331665039062,
11539,20,1,20.2,749,697,148.80372619628906,513.0260009765625,
11540,20,1,209.7,743,665,138.67947387695312,396.9737243652344,
11597,20,1,100.0,1228,440,577.8244018554688,-754.5166015625,
11598,20,1,50.9,1232,436,583.6527709960938,-782.1969604492188,
11650,20,2,30.3,1228,629,516.7651977539062,249.17056274414062,
11651,20,2,90.8,1230,617,521.4445190429688,198.92666625976562,
11671,20,1,54.1,1230,492,559.6946411132812,-425.12738037109375,
11674,20,2,41.8,1229,498,556.605224609375,-390.1622619628906,
11697,20,1,303.0,1240,623,527.9613037109375,224.06715393066406,
11698,20,2,186.6,1241,599,535.3665161132812,120.64962768554688,
11713,20,2,408.2,1278,305,713.6024169921875,-1920.0267333984375,
11715,20,2,162.9,1281,292,728.0716552734375,-2064.914794921875,
11730,20,1,70.9,1299,258,784.2566528320312,-2482.615234375,
11774,21,1,93.5,1163,501,493.3232116699219,-370.9687194824219,
11775,21,1,62.2,1162,495,493.9630126953125,-405.5161437988281,
11789,21,1,66.3,1166,419,520.8222045898438,-899.9879150390625,
11790,21,1,13.1,1166,420,520.483154296875,-892.719482421875,
11791,21,1,52.6,1166,416,521.8458251953125,-921.9307861328125,
11793,21,1,13.4,1167,421,521.2052001953125,-885.5188598632812,
11823,21,2,336.4,1131,621,440.51214599609375,217.29104614257812,
11824,21,2,138.8,1123,603,436.90924072265625,140.2547149658203,
11830,21,1,292.6,948,549,292.5596618652344,-108.9642562866211,
11832,21,1,173.5,950,513,293.8219299316406,-297.6658935546875,
11846,21,2,21.6,1006,483,347.0412292480469,-471.4020690917969,
11849,21,1,44.7,990,489,331.4640197753906,-435.29833984375,
12054,21,1,176.3,918,550,266.36932373046875,-103.30693054199219,
12055,21,1,91.7,909,540,257.9134521484375,-153.53619384765625,
12075,22,2,109.3,881,382,214.59906005859375,-1170.23583984375,
12076,22,2,273.0,908,401,246.4969024658203,-1021.9752807617188,
12102,22,2,12.7,1305,855,520.6688842773438,984.974365234375,
12110,22,2,19.3,1348,837,552.05859375,937.8016357421875,
12142,22,1,4.5,1441,902,594.1494750976562,1100.9105224609375,
12145,22,1,4.3,1442,902,594.7576904296875,1100.9111328125,
12295,23,1,161.5,671,31,-458.1231994628906,-7851.41015625,
12298,23,1,247.6,670,28,-469.7378845214844,-7987.7939453125,
12335,23,1,269.1,1072,102,536.061279296875,-5460.65234375,
12336,23,1,269.1,1175,144,701.9222412109375,-4422.03564453125,
12709,23,1,12.0,655,664,72.03199005126953,394.1795349121094,
12710,23,1,89.8,652,651,66.29484558105469,344.6039123535156,
12731,23,1,10.8,658,502,23.133651733398438,-350.63128662109375,
12732,23,1,10.2,657,503,22.59952163696289,-344.9903564453125,
12755,23,1,487.2,653,595,50.88571548461914,112.93515014648438,
12756,23,1,388.8,650,549,33.25608825683594,-102.32270050048828,
12761,23,1,423.2,722,439,61.08465576171875,-740.798828125,
12762,23,1,332.2,778,466,125.03559875488281,-567.6577758789062,
12781,24,1,171.8,876,530,227.7526092529297,-204.48594665527344,
12785,24,1,18.7,864,535,217.5940704345703,-178.1625213623047,
12791,24,1,92.7,869,493,217.2130889892578,-408.22247314453125,
12792,24,1,42.0,870,489,217.669921875,-431.5671081542969,
12828,24,1,25.5,659,491,19.756834030151367,-413.43121337890625,
12829,24,1,13.6,664,492,24.822053909301758,-407.79656982421875,
12846,24,1,65.3,845,540,201.3989715576172,-152.03192138671875,
12847,24,1,94.2,854,530,208.07752990722656,-203.93972778320312,
12865,24,1,114.1,942,515,286.5267028808594,-286.48504638671875,
12867,24,1,128.0,1014,485,354.57501220703125,-459.7215576171875,
12896,24,2,18.5,1169,727,452.4405517578125,611.9088134765625,
12897,24,2,72.4,1168,715,453.6197814941406,571.6834716796875,
12900,24,2,204.8,1117,605,431.66156005859375,149.09164428710938,
12902,24,1,98.7,1134,584,449.31689453125,54.8593864440918,
12916,24,1,12.9,1112,467,452.3411865234375,-573.111328125,
12918,24,1,115.6,1107,454,450.17303466796875,-656.2196655273438,
12919,24,1,81.4,1108,461,449.6671142578125,-611.01513671875,
12923,24,1,46.6,1104,454,447.15777587890625,-656.1063842773438,
12932,24,2,57.5,1091,477,429.8109130859375,-510.4513244628906,
12933,24,2,66.5,1086,483,423.92523193359375,-473.9833679199219,
12944,24,2,52.9,1045,475,385.4123840332031,-521.1422119140625,
12945,24,2,285.7,1034,450,377.34820556640625,-679.6854248046875,
13003,25,1,101.7,641,627,50.95092010498047,249.20162963867188,
13004,25,1,143.4,643,608,46.791282653808594,169.64169311523438,
13021,25,1,192.8,686,471,37.57502365112305,-533.5493774414062,
13041,25,2,9.4,708,558,86.02780151367188,-59.43311309814453,
13042,25,1,53.0,707,552,83.47979736328125,-88.74848175048828,
13058,25,1,12.1,656,469,7.860241889953613,-544.830322265625,
13088,25,1,96.5,601,680,36.15998077392578,453.8162841796875,
13089,25,1,273.8,603,640,25.33832550048828,302.0956115722656,
13135,25,1,166.7,693,135,-197.8384552001953,-4516.80712890625,
13136,25,2,203.3,696,140,-185.49737548828125,-4404.55615234375,
13176,25,2,12.9,1192,800,457.1110534667969,836.1637573242188,
13177,25,2,84.4,1198,784,463.60498046875,789.7510375976562,
13206,26,1,64.0,1195,492,526.2511596679688,-424.04376220703125,
13207,26,1,11.3,1198,493,528.7996826171875,-418.2784118652344,
13239,26,2,225.7,1042,494,380.4162292480469,-407.677001953125,
13240,26,1,151.2,1023,480,363.6102294921875,-489.98968505859375,
13279,26,1,104.4,695,646,98.04490661621094,324.5964660644531,
13280,26,1,152.1,695,625,92.9538803100586,240.23129272460938,
13307,26,1,33.0,736,348,38.865177154541016,-1453.3131103515625,
13308,26,1,16.8,738,349,41.66497039794922,-1444.392333984375,
13362,26,2,60.4,1194,724,470.8759460449219,601.76904296875,
13363,26,2,264.5,1198,682,481.6588439941406,455.22088623046875,
13398,26,1,445.9,1203,183,710.7802124023438,-3633.924072265625,
13399,26,1,66.0,1203,185,708.7633666992188,-3597.328369140625,
13422,26,1,263.0,1205,306,617.9725952148438,-1903.0584716796875,
13423,26,1,263.0,1185,281,606.4627685546875,-2183.906005859375,
13445,26,1,93.1,923,32,202.41143798828125,-7937.2255859375,
13446,26,1,92.3,917,33,186.99032592773438,-7888.34521484375,
13490,26,1,22.3,701,487,57.68512725830078,-438.0434265136719,
13491,26,1,22.4,697,485,53.21335983276367,-449.6828918457031,
13497,26,1,33.0,685,476,38.51917266845703,-503.0548095703125,
13498,26,1,21.8,684,478,38.32115936279297,-490.9591064453125,
13517,26,2,79.2,679,551,58.99291229248047,-93.06739807128906,
13518,26,2,53.8,679,545,57.08389663696289,-122.91632843017578,
13533,26,1,12.6,691,445,32.237831115722656,-699.4639282226562,
13539,26,1,72.6,693,444,33.83485794067383,-706.1738891601562,
13540,26,1,12.6,695,445,36.238494873046875,-699.6194458007812,
13573,26,1,68.1,773,646,158.2367401123047,323.6267395019531,
13574,26,1,177.1,797,622,173.17373657226562,226.35955810546875,
13583,27,1,163.8,910,511,256.99957275390625,-307.58563232421875,
13585,27,1,120.5,945,478,288.4798278808594,-499.52410888671875,
13594,27,1,26.3,1010,497,349.9704895019531,-389.3692932128906,
13597,27,1,33.1,1033,501,371.2471923828125,-367.1528015136719,
13620,27,1,203.7,1140,623,447.4230651855469,225.53025817871094,
13621,27,1,22.7,1140,620,447.9349060058594,212.95684814453125,
13629,27,1,429.4,1011,287,370.1918640136719,-2097.404296875,
13631,27,1,470.1,993,245,350.03857421875,-2621.633056640625,
13657,27,1,213.7,835,55,-1.865380048751831,-6930.70849609375,
13683,27,1,343.8,845,24,-13.130830764770508,-8272.6279296875,
13684,27,1,175.0,834,22,-45.72805404663086,-8364.24609375,
13690,27,1,289.1,801,20,-139.12420654296875,-8444.48046875,
13691,27,1,440.6,801,25,-130.22406005859375,-8199.865234375,
13705,27,1,362.9,827,19,-69.36700439453125,-8509.841796875,
13706,27,2,280.6,831,16,-62.87347412109375,-8665.591796875,
13727,27,1,86.6,619,22,-624.3673706054688,-8243.064453125,
13769,27,1,89.1,652,321,-77.19292449951172,-1703.8858642578125,
13770,27,1,315.0,651,304,-90.68280792236328,-1878.3819580078125,
13805,28,1,335.1,648,136,-279.3260803222656,-4483.71728515625,
13806,28,1,281.5,647,143,-270.07012939453125,-4327.61376953125,
13837,28,1,110.4,701,557,79.74176788330078,-64.14279174804688,
13838,28,1,103.6,737,547,108.14469146728516,-114.21778106689453,
13852,28,1,200.3,1036,454,378.9188537597656,-653.5430908203125,
13855,28,1,28.6,1057,457,399.546875,-634.8600463867188,
13878,28,1,141.8,1197,577,504.229248046875,21.225582122802734,
13879,28,1,103.9,1203,565,512.486572265625,-35.90876388549805,
13896,28,1,12.9,1245,444,593.6181640625,-728.0167846679688,
13897,28,1,12.3,1247,445,595.2318115234375,-721.3489379882812,
13898,28,1,16.0,1252,444,600.8062744140625,-728.2972412109375,
13899,28,1,27.9,1258,442,607.8875122070312,-742.0996704101562,
13900,28,1,50.1,1254,446,601.9601440429688,-714.89892578125,
13901,28,1,24.1,1256,448,603.1072387695312,-701.5799560546875,
13930,28,2,39.7,1292,682,552.513671875,454.29248046875,
13931,28,2,107.6,1292,666,557.0128784179688,394.70281982421875,
13947,28,2,60.0,1257,520,574.8465576171875,-267.6777038574219,
13954,28,2,9.7,1246,523,563.6654052734375,-251.14035034179688,
13956,28,1,19.4,1242,522,560.3451538085938,-256.43511962890625,
13957,28,1,19.5,1240,520,559.1992797851562,-267.22491455078125,
13962,28,2,20.3,1236,513,557.9263305664062,-305.5303955078125,
13963,28,2,10.8,1234,514,555.724609375,-299.9429626464844,
13982,28,2,284.5,1224,600,520.984130859375,125.36603546142578,
13983,28,2,138.9,1227,583,528.125244140625,48.53112030029297,
14005,28,2,57.9,1262,463,602.5092163085938,-603.8212890625,
14006,28,2,22.9,1263,465,602.630615234375,-591.1168212890625,
14049,28,2,362.0,1001,712,332.9260559082031,562.768798828125,
14060,29,2,12.1,1005,722,335.48638916015625,596.4508056640625,
14061,29,2,7.1,1002,721,333.36907958984375,593.1334228515625,
14062,29,2,6.1,1001,720,332.6824951171875,589.7947387695312,
14066,29,2,24.3,998,720,330.5300598144531,589.816650390625,
14067,29,2,6.6,996,721,329.0688781738281,593.1768798828125,
14106,29,1,260.1,1068,485,406.3133544921875,-461.44500732421875,
14236,29,1,28.5,907,392,244.55397033691406,-1091.6978759765625,
14242,29,1,14.1,941,395,281.9818420410156,-1069.9539794921875,
14251,29,1,13.5,979,416,322.9255676269531,-913.309326171875,
14253,29,1,52.2,988,425,332.06695556640625,-848.8895263671875,
14272,29,1,47.5,1053,526,387.1144104003906,-230.072998046875,
14274,29,1,18.9,1053,536,386.0191345214844,-177.55499267578125,
14277,29,1,334.8,1124,582,441.2300109863281,45.841304779052734,
14278,29,1,324.6,1084,545,412.4572448730469,-132.17613220214844,
14282,29,1,65.7,1022,480,362.6460266113281,-489.9569396972656,
14284,29,1,67.9,1006,466,348.0994567871094,-575.6595458984375,
14295,29,1,24.7,986,437,329.50897216796875,-765.1207885742188,
14298,29,1,63.0,979,435,322.3857116699219,-778.5645141601562,
14299,29,1,37.7,976,438,319.2322692871094,-757.876220703125,
14307,29,1,9.2,1076,508,410.5220947265625,-328.888671875,
14310,29,1,156.2,1007,468,348.9526062011719,-563.1618041992188,
14311,29,1,58.1,998,463,340.3930358886719,-594.3092041015625,
14318,29,1,139.5,929,435,271.0224609375,-776.4910278320312,
14319,29,1,61.4,930,440,272.29193115234375,-742.4129028320312,
14339,29,1,203.6,925,510,270.7445373535156,-313.53070068359375,
14340,29,1,121.8,927,498,272.0584716796875,-381.1601867675781,
14349,29,1,63.6,954,431,296.64306640625,-805.2201538085938,
14351,29,1,77.2,955,420,297.5635681152344,-883.2006225585938,
14354,29,1,81.3,962,409,304.9353332519531,-964.1900634765625,
14356,30,1,15.0,966,405,309.2472839355469,-994.423095703125,
14361,30,1,155.3,977,399,321.2604675292969,-1040.765380859375,
14363,30,1,28.6,984,394,329.07781982421875,-1079.9814453125,
14364,30,1,30.3,979,396,323.52972412109375,-1064.1048583984375,
14366,30,1,14.4,983,393,328.0191955566406,-1087.7783203125,
14399,30,1,337.6,639,717,73.69254302978516,582.4085083007812,
14415,30,1,378.8,762,526,125.0350570678711,-222.67507934570312,
14416,30,1,378.8,754,460,99.90772247314453,-604.5735473632812,
14428,30,1,378.8,710,29,-362.4230651855469,-7962.85888671875,
14430,30,1,335.8,705,17,-409.11871337890625,-8539.2431640625,
14456,30,1,210.2,693,2,-491.1172180175781,-9340.74609375,
14457,30,1,408.2,692,6,-480.2481689453125,-9114.23828125,
14503,30,2,125.2,503,638,-52.70383071899414,295.4435729980469,
14505,30,2,14.5,494,644,-57.15434646606445,319.2569580078125,
14508,30,2,288.8,587,612,3.2467072010040283,187.5439910888672,
14510,30,2,18.7,609,616,22.17048454284668,204.07530212402344,
14526,30,2,111.9,497,625,-62.84627914428711,243.03309631347656,
14527,30,2,57.0,484,618,-76.1568832397461,214.29385375976562,
14697,31,1,227.3,996,82,381.3264465332031,-6043.39794921875,
14698,31,1,227.3,992,71,374.9745178222656,-6410.26611328125,
14707,31,1,227.3,981,1,363.79833984375,-9599.98828125,
14708,31,1,227.3,1093,9,692.567626953125,-9211.048828125,
14709,31,1,405.8,1128,6,803.508056640625,-9407.3369140625,
14711,31,1,159.9,1020,3,481.0021057128906,-9508.416015625,
14717,31,1,121.7,968,1,324.3370666503906,-9590.724609375,
14718,31,1,104.8,971,2,333.3069763183594,-9533.2138671875,
14719,31,1,39.1,964,2,312.1734619140625,-9528.2802734375,
14720,31,1,104.4,960,1,300.0873107910156,-9585.03125,
14721,31,1,151.8,975,0,345.76336669921875,-9655.92578125,
14722,31,1,151.8,857,22,17.067564010620117,-8377.3974609375,
14728,31,1,393.5,1048,14,553.6296997070312,-8905.423828125,
14731,31,1,196.8,1043,15,538.1636962890625,-8848.568359375,
14732,31,1,427.0,1117,18,746.6570434570312,-8735.41796875,
14736,31,1,95.1,1128,10,794.79638671875,-9177.87890625,
14737,31,1,373.4,1185,13,956.4835815429688,-9047.892578125,
14740,31,1,286.0,1252,16,1144.6256103515625,-8926.666015625,
14742,31,1,411.6,1268,17,1188.0069580078125,-8882.7138671875,
14744,31,1,371.6,1285,29,1192.44482421875,-8276.81640625,
14772,31,2,66.4,1194,475,530.7163696289062,-526.17578125,
14774,31,2,148.9,1169,505,497.8970642089844,-348.408203125,
14777,32,2,31.7,1139,556,458.92413330078125,-78.44172668457031,
14779,32,2,143.7,1123,588,439.3736877441406,73.33102416992188,
14782,32,2,14.9,1091,630,407.2082824707031,255.20689392089844,
14784,32,1,132.2,1077,668,392.1396789550781,404.60968017578125,
